Codon,GC,Uni1,Uni2,Robustness,GC12,GC3
AAA,0,1,3,1,0,0
AAC,1,0,0,1,0,1
AAG,1,0,0,1,0,1
AAT,0,0,0,1,0,0
ACA,1,0,0,3,1,0
ACC,2,0,0,3,1,1
ACG,2,0,0,3,1,1
ACT,1,0,0,3,1,0
AGA,1,1,7,2,1,0
AGC,2,0,0,1,1,1
AGG,2,1,7,2,1,1
AGT,1,0,0,1,1,0
ATA,0,1,5,2,0,0
ATC,1,0,0,2,0,1
ATG,1,0,0,0,0,1
ATT,0,0,0,2,0,0
CAA,1,0,0,1,1,0
CAC,2,0,0,1,1,1
CAG,2,0,0,1,1,1
CAT,1,0,0,1,1,0
CCA,2,0,0,3,2,0
CCC,3,0,0,3,2,1
CCG,3,0,0,3,2,1
CCT,2,0,0,3,2,0
CGA,2,0,0,4,2,0
CGC,3,0,0,3,2,1
CGG,3,0,0,4,2,1
CGT,2,0,0,3,2,0
CTA,1,1,1,4,1,0
CTC,2,1,1,3,1,1
CTG,2,1,1,4,1,1
CTT,1,1,1,3,1,0
GAA,1,0,0,1,1,0
GAC,2,0,0,1,1,1
GAG,2,0,0,1,1,1
GAT,1,0,0,1,1,0
GCA,2,0,0,3,2,0
GCC,3,0,0,3,2,1
GCG,3,0,0,3,2,1
GCT,2,0,0,3,2,0
GGA,2,0,0,3,2,0
GGC,3,0,0,3,2,1
GGG,3,0,0,3,2,1
GGT,2,0,0,3,2,0
GTA,1,0,0,3,1,0
GTC,2,0,0,3,1,1
GTG,2,0,0,3,1,1
GTT,1,0,0,3,1,0
TAA,0,1,1,2,0,0
TAC,1,0,0,1,0,1
TAG,1,1,2,1,0,1
TAT,0,0,0,1,0,0
TCA,1,1,1,3,1,0
TCC,2,0,0,3,1,1
TCG,2,0,0,3,1,1
TCT,1,0,0,3,1,0
TGA,1,1,9,1,1,0
TGC,2,0,0,1,1,1
TGG,2,0,0,0,1,1
TGT,1,0,0,1,1,0
TTA,0,0,0,2,0,0
TTC,1,0,0,1,0,1
TTG,1,0,0,2,0,1
TTT,0,0,0,1,0,0
